id,name,color,img,desc,fanclub_link,moment_link,wiki_content
1,曹家齊,FenIX,https://about.hidol.com/wp-content/uploads/%E5%AE%B6%E9%BD%8A.webp,FenIX 成員，舞蹈擔當。,https://www.hidol.com/fanclub/cpg07f9b6qos73860qsg,https://www.hidol.com/explore?q=%E6%9B%B9%E5%AE%B6%E9%BD%8A,"
## FEniX 成員 曹家齊 個人簡介

FEniX 成員曹家齊，是近年備受矚目的新生代男團偶像之一。隨著團體在音樂節目與各大舞台上的活躍表現，曹家齊憑藉穩定的唱跳實力與自然不做作的舞台魅力，逐漸累積大量粉絲關注。無論是團體演出還是個人舞台片段，他都展現出細膩的情緒詮釋能力與高度專注的專業態度。

在音樂定位上，曹家齊擅長將情感融入表演之中，無論是節奏強烈的舞曲，或是偏抒情風格的作品，都能呈現不同層次的魅力。他的舞台風格乾淨俐落，動作線條明確，加上穩定的現場表現，使他在團體中擁有鮮明辨識度。除了舞台實力之外，私下親和、真誠的一面也讓粉絲更容易產生共鳴。

隨著FEniX持續推出新作品與參與多元活動，曹家齊的人氣與討論度同步提升，成為許多粉絲搜尋「FEniX 曹家齊」、「曹家齊 個人資料」、「曹家齊 舞台表現」等關鍵字時的焦點人物。未來在音樂、綜藝與跨界合作領域的發展，同樣值得期待。

若持續關注FEniX動態與曹家齊最新消息，相信能看見他在舞台上更多成熟而亮眼的成長軌跡。"

2,陳峻廷,FenIX,https://about.hidol.com/wp-content/uploads/%E5%B3%BB%E5%BB%B7.webp,FenIX 成員，綜藝擔當。,https://www.hidol.com/fanclub/cpfvq21b6qos73860q00,https://www.hidol.com/explore?q=%E9%99%B3%E5%B3%BB%E5%BA%AD,"## FEniX 成員 陳峻廷 個人簡介

FEniX 成員陳峻廷，是團內兼具舞台張力與細膩情感表現的實力成員之一。自出道以來，他以穩定的唱跳表現與獨特氣質，在新生代男團市場中逐漸累積高度關注。無論是大型舞台演出或近距離粉絲活動，陳峻廷都能自然展現專業與魅力，成為團體中不可忽視的存在。

在音樂與表演風格上，陳峻廷擅長透過眼神與肢體語言傳遞情緒，讓整體舞台更具故事感。面對節奏強烈的舞曲作品，他能精準掌握力度與節拍；在抒情歌曲中，則展現出溫柔細膩的一面，使觀眾產生共鳴。這樣多層次的詮釋能力，也讓「FEniX 陳峻廷」、「陳峻廷 個人資料」、「陳峻廷 舞台表現」等關鍵字搜尋熱度持續上升。

除了舞台實力外，陳峻廷在私下展現出的真誠與努力態度，同樣為粉絲所欣賞。他不斷精進自我，嘗試突破不同風格與可能性，為團體注入更多元的能量。隨著 FEniX 發展版圖持續擴張，陳峻廷未來在音樂、綜藝與跨界合作領域的潛力備受期待，是值得長期關注的新生代偶像之一。
"
3,MAX,FenIX,https://about.hidol.com/wp-content/uploads/MAX.webp,FenIX 隊長，Vocal 擔當。,https://www.hidol.com/fanclub/cpfvt6hb6qos73860qa0,https://www.hidol.com/explore?q=MAX,"## FEniX 成員 MAX 個人簡介

FEniX 成員 MAX 是團內極具舞台爆發力與個人特色的代表人物之一。自出道以來，他憑藉鮮明的表演風格與穩定的現場實力，在新生代男團市場中逐漸累積高人氣與討論度。無論是在音樂節目、演唱會舞台或公開活動上，MAX 都展現出自信沉穩的台風，成為粉絲關注的焦點。

在表演面向上，MAX 擅長掌握節奏與情緒張力，舞蹈動作俐落有力，能精準詮釋作品核心氛圍。同時，他在歌曲演繹上具備良好的音色辨識度，無論是動感舞曲或帶有情感層次的旋律，都能呈現不同面向的魅力。這樣的全方位實力，使他在團體編制中占有重要位置。

除了舞台實力，MAX 私下真誠自然的一面，也讓粉絲更有親近感。許多網友在搜尋「FEniX MAX 個人資料」、「FEniX MAX 舞台」、「MAX 偶像團體」等關鍵字時，關注的不僅是他的演出表現，更包括他的成長歷程與未來發展潛力。

隨著 FEniX 持續推出新作品並拓展多元活動版圖，MAX 的曝光度與影響力同步提升。未來在音樂、影視與跨界合作上的可能性，備受期待，也讓他成為持續關注的潛力新星之一。
"
